episode,rating,votes
1.0,8.4,41983.0
2.0,8.4,25692.0
3.0,8.0,8601.0
4.0,8.3,7400.0
5.0,7.4,5308.0
6.0,7.6,5198.0
7.0,7.5,4765.0
8.0,7.7,4537.0
9.0,7.1,4102.0
10.0,7.3,3864.0
11.0,7.3,3718.0
12.0,7.5,3607.0
13.0,7.5,3502.0
14.0,7.5,3423.0
15.0,7.4,3365.0
16.0,7.6,3345.0
17.0,8.1,3612.0
18.0,6.7,3376.0
19.0,8.9,5951.0
20.0,7.6,3246.0
21.0,7.6,3113.0
22.0,7.5,3029.0
23.0,7.8,3207.0
24.0,9.2,7120.0
25.0,7.5,2999.0
26.0,8.8,4642.0
27.0,7.5,2930.0
28.0,7.7,2894.0
29.0,7.9,3068.0
30.0,8.4,3890.0
31.0,7.6,2800.0
32.0,7.7,2751.0
33.0,7.8,2870.0
34.0,7.4,2846.0
35.0,8.2,3275.0
36.0,9.0,5452.0
37.0,9.3,7307.0
38.0,8.2,3295.0
39.0,8.0,3056.0
40.0,8.0,2997.0
41.0,8.1,2958.0
42.0,8.0,2927.0
43.0,8.7,4055.0
44.0,7.9,2948.0
45.0,7.7,2882.0
46.0,6.3,2710.0
47.0,6.1,2687.0
48.0,7.9,2949.0
49.0,8.0,3169.0
50.0,7.4,2745.0
51.0,6.9,2361.0
52.0,8.3,2864.0
53.0,8.5,3331.0
54.0,7.0,1927.0
55.0,6.7,1898.0
56.0,6.6,1847.0
57.0,6.5,1825.0
58.0,6.6,1799.0
59.0,6.8,1802.0
60.0,7.0,1801.0
61.0,7.5,2017.0
62.0,7.5,2154.0
63.0,7.5,2130.0
64.0,7.6,2046.0
65.0,8.2,2270.0
66.0,8.0,2186.0
67.0,7.9,2170.0
68.0,6.6,1993.0
69.0,6.8,1996.0
70.0,7.1,1973.0
71.0,7.3,1983.0
72.0,7.2,1935.0
73.0,7.4,1929.0
74.0,7.6,1958.0
75.0,7.5,1920.0
76.0,7.6,1913.0
77.0,7.5,1930.0
78.0,7.2,1917.0
79.0,7.5,1875.0
80.0,7.6,1888.0
81.0,7.5,1850.0
82.0,7.5,1858.0
83.0,8.1,2401.0
84.0,7.9,2019.0
85.0,8.5,2836.0
86.0,9.4,5547.0
87.0,8.1,2266.0
88.0,7.8,1905.0
89.0,7.8,1880.0
90.0,8.9,3767.0
91.0,7.9,1943.0
92.0,7.6,1845.0
93.0,7.2,1827.0
94.0,8.9,4187.0
95.0,8.2,2111.0
96.0,7.3,1820.0
97.0,7.2,1773.0
98.0,6.8,1643.0
99.0,6.8,1602.0
100.0,7.4,1805.0
101.0,6.7,1615.0
102.0,7.0,1519.0
103.0,7.2,1626.0
104.0,7.9,1778.0
105.0,7.7,1613.0
106.0,8.1,1698.0
107.0,8.1,1684.0
108.0,8.2,1717.0
109.0,8.4,2241.0
110.0,9.2,4305.0
111.0,7.8,1641.0
112.0,8.1,1714.0
113.0,7.7,1605.0
114.0,7.8,1683.0
115.0,8.0,1762.0
116.0,7.9,1673.0
117.0,7.8,1692.0
118.0,7.7,1605.0
119.0,9.2,4493.0
120.0,7.9,1668.0
121.0,8.4,2146.0
122.0,8.8,3004.0
123.0,8.2,1751.0
124.0,8.1,1692.0
125.0,9.0,3663.0
126.0,9.5,6741.0
127.0,8.2,1707.0
128.0,8.0,1702.0
129.0,9.2,4329.0
130.0,8.6,2632.0
131.0,7.0,1326.0
132.0,6.5,1309.0
133.0,6.7,1271.0
134.0,6.7,1267.0
135.0,6.8,1232.0
136.0,6.5,1250.0
137.0,6.6,1239.0
138.0,6.5,1237.0
139.0,6.7,1227.0
140.0,6.7,1214.0
141.0,6.6,1199.0
142.0,6.6,1199.0
143.0,7.3,1217.0
144.0,7.2,1477.0
145.0,7.5,1537.0
146.0,8.1,1738.0
147.0,7.7,1592.0
148.0,7.5,1462.0
149.0,7.4,1423.0
150.0,8.1,1583.0
151.0,9.3,5111.0
152.0,8.3,1650.0
153.0,7.7,1416.0
154.0,7.4,1405.0
155.0,7.4,1381.0
156.0,7.5,1369.0
157.0,7.3,1359.0
158.0,7.6,1384.0
159.0,7.5,1356.0
160.0,7.5,1355.0
161.0,7.3,1363.0
162.0,7.7,1348.0
163.0,7.6,1338.0
164.0,7.8,1379.0
165.0,7.6,1322.0
166.0,7.3,1342.0
167.0,7.4,1310.0
168.0,7.3,1343.0
169.0,7.7,1398.0
170.0,7.9,1435.0
171.0,7.6,1358.0
172.0,7.7,1361.0
173.0,7.8,1387.0
174.0,7.9,1427.0
175.0,7.7,1357.0
176.0,7.9,1421.0
177.0,7.8,1397.0
178.0,8.3,1867.0
179.0,8.1,1498.0
180.0,8.9,3178.0
181.0,8.2,1478.0
182.0,9.0,3312.0
183.0,9.0,3255.0
184.0,8.0,1436.0
185.0,8.7,2708.0
186.0,7.8,1341.0
187.0,7.7,1411.0
188.0,7.8,1432.0
189.0,9.1,3436.0
190.0,8.0,1409.0
191.0,8.2,1411.0
192.0,9.3,3862.0
193.0,8.0,1483.0
194.0,8.0,1395.0
195.0,7.7,1322.0
196.0,7.1,1131.0
197.0,7.3,1126.0
198.0,7.1,1116.0
199.0,7.4,1146.0
200.0,7.5,1125.0
201.0,7.3,1064.0
202.0,7.3,1072.0
203.0,7.0,1081.0
204.0,7.2,1056.0
205.0,7.2,1057.0
206.0,7.6,1105.0
207.0,7.2,1252.0
208.0,7.0,1235.0
209.0,7.1,1218.0
210.0,7.0,1221.0
211.0,7.2,1232.0
212.0,7.5,1228.0
213.0,6.9,1147.0
214.0,7.3,1134.0
215.0,6.6,1192.0
216.0,6.5,1175.0
217.0,6.8,1246.0
218.0,6.9,1236.0
219.0,7.3,1185.0
220.0,7.0,1092.0
221.0,6.9,1081.0
222.0,6.6,990.0
223.0,6.9,981.0
224.0,6.7,976.0
225.0,6.3,1026.0
226.0,6.5,1059.0
227.0,8.9,3377.0
228.0,8.2,1689.0
229.0,7.6,1350.0
230.0,7.6,1292.0
231.0,7.6,1283.0
232.0,7.7,1276.0
233.0,7.9,1333.0
234.0,9.1,3571.0
235.0,9.4,5004.0
236.0,9.7,10547.0
237.0,7.7,1274.0
238.0,8.0,1326.0
239.0,7.8,1252.0
240.0,8.0,1369.0
241.0,7.7,1247.0
242.0,8.1,1353.0
243.0,9.1,3476.0
244.0,9.0,3115.0
245.0,8.5,1925.0
246.0,8.0,1342.0
247.0,8.2,1380.0
248.0,8.2,1360.0
249.0,8.2,1370.0
250.0,9.0,3187.0
251.0,8.9,2694.0
252.0,8.0,1304.0
253.0,7.8,1263.0
254.0,8.1,1358.0
255.0,7.9,1277.0
256.0,7.8,1232.0
257.0,8.0,1299.0
258.0,8.0,1338.0
259.0,7.3,1215.0
260.0,7.7,1226.0
261.0,7.9,1268.0
262.0,8.3,1606.0
263.0,8.0,1265.0
264.0,8.0,1299.0
265.0,7.8,1231.0
266.0,7.8,1208.0
267.0,7.9,1241.0
268.0,7.9,1248.0
269.0,8.0,1283.0
270.0,8.7,2334.0
271.0,8.1,1395.0
272.0,8.4,1785.0
273.0,9.3,4026.0
274.0,9.5,5666.0
275.0,9.0,3475.0
276.0,9.1,3476.0
277.0,9.4,4613.0
278.0,9.7,21495.0
279.0,6.2,1021.0
280.0,5.8,1029.0
281.0,6.0,1014.0
282.0,5.8,1006.0
283.0,5.8,998.0
284.0,8.1,1358.0
285.0,7.8,1214.0
286.0,7.9,1230.0
287.0,7.8,1216.0
288.0,8.1,1260.0
289.0,8.0,1277.0
290.0,8.6,2134.0
291.0,5.8,1054.0
292.0,5.6,1114.0
293.0,7.9,1277.0
294.0,8.1,1295.0
295.0,7.7,1183.0
296.0,8.1,1317.0
297.0,8.2,1299.0
298.0,8.6,2019.0
299.0,8.3,1515.0
300.0,9.2,3713.0
301.0,9.2,3558.0
302.0,8.2,1382.0
303.0,5.8,1048.0
304.0,9.0,3363.0
305.0,8.9,3143.0
306.0,8.1,1294.0
307.0,8.3,1587.0
308.0,9.0,3296.0
309.0,9.7,22543.0
310.0,9.2,3569.0
311.0,9.0,3276.0
312.0,9.7,22087.0
313.0,8.7,2299.0
314.0,9.2,3577.0
315.0,8.3,1577.0
316.0,9.2,3690.0
317.0,6.3,956.0
318.0,6.2,1004.0
319.0,6.7,937.0
320.0,8.1,1290.0
321.0,7.9,1207.0
322.0,8.0,1229.0
323.0,8.5,1457.0
324.0,8.2,1371.0
325.0,9.3,3775.0
326.0,6.7,865.0
327.0,6.3,875.0
328.0,6.4,869.0
329.0,6.5,854.0
330.0,6.3,835.0
331.0,6.4,827.0
332.0,6.5,827.0
333.0,6.3,831.0
334.0,6.6,816.0
335.0,6.6,824.0
336.0,5.2,1133.0
337.0,8.2,1373.0
338.0,8.1,1242.0
339.0,7.5,1120.0
340.0,7.5,1099.0
341.0,7.6,1117.0
342.0,7.5,1110.0
343.0,7.6,1069.0
344.0,7.5,1102.0
345.0,7.0,1065.0
346.0,7.5,1055.0
347.0,7.4,1052.0
348.0,7.7,1076.0
349.0,7.8,1084.0
350.0,7.7,1065.0
351.0,7.5,1059.0
352.0,7.6,1065.0
353.0,8.3,1231.0
354.0,7.2,1064.0
355.0,7.6,1064.0
356.0,7.7,1058.0
357.0,7.8,1090.0
358.0,7.6,1057.0
359.0,7.5,1093.0
360.0,7.7,1077.0
361.0,7.8,1098.0
362.0,8.2,1233.0
363.0,7.6,1056.0
364.0,7.2,1052.0
365.0,7.5,1047.0
366.0,7.4,1048.0
367.0,8.0,1124.0
368.0,7.9,1125.0
369.0,8.1,1132.0
370.0,7.9,1119.0
371.0,8.0,1126.0
372.0,9.0,2971.0
373.0,8.9,2686.0
374.0,8.5,1637.0
375.0,8.2,1354.0
376.0,9.1,3301.0
377.0,9.8,65062.0
378.0,8.3,1419.0
379.0,8.2,1282.0
380.0,9.3,3945.0
381.0,8.3,1265.0
382.0,6.3,854.0
383.0,6.3,850.0
384.0,7.3,933.0
385.0,7.5,1113.0
386.0,7.4,1076.0
387.0,7.3,1062.0
388.0,7.6,1074.0
389.0,7.7,1098.0
390.0,7.6,1188.0
391.0,7.9,1396.0
392.0,8.3,1613.0
393.0,8.2,1532.0
394.0,8.1,1436.0
395.0,8.3,1586.0
396.0,9.7,16459.0
397.0,9.3,4365.0
398.0,9.1,3236.0
399.0,9.1,3233.0
400.0,9.4,4508.0
401.0,9.1,3211.0
402.0,9.1,3284.0
403.0,9.2,3374.0
404.0,9.6,6901.0
405.0,9.8,55792.0
406.0,5.6,997.0
407.0,5.6,981.0
408.0,7.5,1213.0
409.0,7.7,1268.0
410.0,7.7,1259.0
411.0,7.8,1378.0
412.0,8.3,1835.0
413.0,8.9,2906.0
414.0,8.7,1997.0
415.0,8.9,2679.0
416.0,8.6,1916.0
417.0,8.5,1941.0
418.0,7.4,1053.0
419.0,6.9,1060.0
420.0,7.4,1032.0
421.0,7.5,1041.0
422.0,7.9,1096.0
423.0,7.9,1128.0
424.0,7.8,1063.0
425.0,7.7,1057.0
426.0,6.4,805.0
427.0,6.2,798.0
428.0,6.2,798.0
429.0,6.2,792.0
430.0,7.8,1057.0
431.0,7.6,1023.0
432.0,7.9,1130.0
433.0,8.0,1232.0
434.0,7.6,1080.0
435.0,8.1,1352.0
436.0,8.3,1480.0
437.0,8.1,1505.0
438.0,7.5,1076.0
439.0,7.2,1114.0
440.0,7.8,1145.0
441.0,7.9,1119.0
442.0,8.2,1168.0
443.0,8.2,1157.0
444.0,8.2,1225.0
445.0,7.7,1081.0
446.0,8.4,1452.0
447.0,9.0,3310.0
448.0,7.9,1291.0
449.0,8.2,1334.0
450.0,8.9,2684.0
451.0,9.3,4023.0
452.0,7.9,1199.0
453.0,7.0,1010.0
454.0,6.2,1079.0
455.0,7.0,992.0
456.0,7.0,1011.0
457.0,6.7,970.0
458.0,6.7,1078.0
459.0,9.2,3942.0
460.0,9.3,3873.0
461.0,9.3,4258.0
462.0,9.2,3671.0
463.0,9.3,3837.0
464.0,9.2,3622.0
465.0,9.4,4022.0
466.0,9.5,5055.0
467.0,9.4,4137.0
468.0,9.3,3719.0
469.0,9.1,3704.0
470.0,9.2,3674.0
471.0,9.2,3508.0
472.0,9.3,3822.0
473.0,9.2,3579.0
474.0,9.6,7305.0
475.0,9.3,3948.0
476.0,9.3,3685.0
477.0,9.2,3507.0
478.0,9.4,4425.0
479.0,9.3,3667.0
480.0,9.6,7348.0
481.0,9.7,8573.0
482.0,9.7,51454.0
483.0,9.7,59576.0
484.0,9.7,52865.0
485.0,9.8,58826.0
486.0,9.5,5684.0
487.0,9.3,4172.0
488.0,9.6,7674.0
489.0,9.6,7669.0
490.0,8.5,2392.0
491.0,8.7,2539.0
492.0,5.3,1109.0
493.0,8.3,2001.0
494.0,8.1,1698.0
495.0,7.9,1544.0
496.0,8.1,1735.0
497.0,7.9,1502.0
498.0,7.4,1307.0
499.0,7.4,1277.0
500.0,7.8,1384.0
501.0,7.9,1397.0
502.0,7.9,1426.0
503.0,9.0,2916.0
504.0,8.4,1680.0
505.0,9.2,3348.0
506.0,7.9,1413.0
507.0,7.9,1369.0
508.0,7.3,1109.0
509.0,7.6,1107.0
510.0,7.5,1096.0
511.0,8.3,1337.0
512.0,7.9,1248.0
513.0,7.4,1081.0
514.0,7.2,1065.0
515.0,7.8,1119.0
516.0,9.2,3289.0
517.0,9.2,3482.0
518.0,8.2,1550.0
519.0,7.9,1363.0
520.0,7.8,1249.0
521.0,9.2,3416.0
522.0,8.6,1939.0
523.0,7.9,1439.0
524.0,7.6,999.0
525.0,7.5,966.0
526.0,7.5,951.0
527.0,7.6,967.0
528.0,7.3,979.0
529.0,7.3,1144.0
530.0,7.3,955.0
531.0,7.1,949.0
532.0,7.2,960.0
533.0,7.3,937.0
534.0,7.5,931.0
535.0,7.2,931.0
536.0,7.7,964.0
537.0,7.7,953.0
538.0,7.6,928.0
539.0,7.6,940.0
540.0,7.7,959.0
541.0,8.3,1349.0
542.0,5.4,826.0
543.0,8.4,1455.0
544.0,7.6,957.0
545.0,7.3,970.0
546.0,8.0,1038.0
547.0,7.7,933.0
548.0,7.5,921.0
549.0,7.5,922.0
550.0,6.9,958.0
551.0,7.0,924.0
552.0,7.2,923.0
553.0,8.3,1293.0
554.0,9.0,2892.0
555.0,7.9,1032.0
556.0,7.6,936.0
557.0,7.6,915.0
558.0,7.3,913.0
559.0,7.1,912.0
560.0,7.3,921.0
561.0,7.3,910.0
562.0,7.1,920.0
563.0,6.9,952.0
564.0,7.2,920.0
565.0,7.7,1106.0
566.0,7.7,1048.0
567.0,7.7,1063.0
568.0,8.0,1238.0
569.0,7.5,1019.0
570.0,8.0,1103.0
571.0,8.0,1074.0
572.0,7.6,920.0
573.0,7.5,925.0
574.0,7.5,916.0
575.0,6.8,760.0
576.0,6.8,741.0
577.0,6.7,733.0
578.0,6.6,760.0
579.0,7.6,973.0
580.0,7.5,937.0
581.0,7.2,919.0
582.0,7.3,917.0
583.0,7.2,906.0
584.0,7.5,891.0
585.0,7.8,977.0
586.0,7.9,968.0
587.0,8.3,1157.0
588.0,7.9,931.0
589.0,7.4,878.0
590.0,5.6,906.0
591.0,7.4,888.0
592.0,7.2,875.0
593.0,7.7,878.0
594.0,7.9,941.0
595.0,7.5,872.0
596.0,7.4,866.0
597.0,8.0,915.0
598.0,7.6,868.0
599.0,7.7,881.0
600.0,7.2,881.0
601.0,7.2,868.0
602.0,7.3,868.0
603.0,7.9,891.0
604.0,7.6,861.0
605.0,7.4,885.0
606.0,7.5,867.0
607.0,8.1,958.0
608.0,7.7,886.0
609.0,7.7,877.0
610.0,7.4,877.0
611.0,7.4,869.0
612.0,7.6,979.0
613.0,8.9,2633.0
614.0,8.1,1119.0
615.0,7.9,1064.0
616.0,9.2,3005.0
617.0,8.2,1125.0
618.0,7.6,877.0
619.0,7.9,910.0
620.0,8.0,974.0
621.0,7.9,939.0
622.0,7.8,904.0
623.0,7.7,890.0
624.0,8.4,1475.0
625.0,8.1,1227.0
626.0,6.7,734.0
627.0,6.6,771.0
628.0,6.6,780.0
629.0,8.2,1344.0
630.0,7.8,1152.0
631.0,8.0,1216.0
632.0,7.7,1125.0
633.0,7.7,1101.0
634.0,7.9,1144.0
635.0,7.8,1141.0
636.0,7.8,1152.0
637.0,7.8,1103.0
638.0,8.0,1175.0
639.0,7.7,1091.0
640.0,7.4,951.0
641.0,7.5,992.0
642.0,8.4,1639.0
643.0,8.4,1661.0
644.0,7.9,1163.0
645.0,7.6,959.0
646.0,9.0,2830.0
647.0,7.7,970.0
648.0,7.6,945.0
649.0,8.4,1617.0
650.0,8.0,1169.0
651.0,8.1,1196.0
652.0,7.6,943.0
653.0,7.4,937.0
654.0,7.9,1120.0
655.0,8.5,1690.0
656.0,7.7,1072.0
657.0,7.6,930.0
658.0,7.9,1121.0
659.0,8.3,1363.0
660.0,8.3,1386.0
661.0,9.2,2844.0
662.0,9.2,2811.0
663.0,9.5,4721.0
664.0,7.6,965.0
665.0,7.5,929.0
666.0,7.7,1061.0
667.0,7.9,1137.0
668.0,7.8,1066.0
669.0,7.6,1051.0
670.0,8.0,1170.0
671.0,7.7,1049.0
672.0,7.9,1087.0
673.0,7.7,1033.0
674.0,8.0,1268.0
675.0,8.4,1608.0
676.0,8.7,1791.0
677.0,9.3,3513.0
678.0,9.4,3601.0
679.0,8.5,1754.0
680.0,8.7,1753.0
681.0,8.2,1270.0
682.0,7.7,983.0
683.0,8.0,1196.0
684.0,7.8,1093.0
685.0,8.0,1189.0
686.0,7.9,1163.0
687.0,8.6,1756.0
688.0,7.7,1087.0
689.0,7.9,1128.0
690.0,7.5,940.0
691.0,7.5,938.0
692.0,8.1,1448.0
693.0,7.3,952.0
694.0,7.3,941.0
695.0,8.1,1178.0
696.0,8.5,1716.0
697.0,9.1,2946.0
698.0,9.3,3699.0
699.0,9.2,2931.0
700.0,8.9,2726.0
701.0,9.3,3141.0
702.0,9.2,3082.0
703.0,9.4,3595.0
704.0,9.2,3117.0
705.0,9.4,3668.0
706.0,9.7,13928.0
707.0,8.3,1680.0
708.0,9.1,2873.0
709.0,7.8,1164.0
710.0,8.2,1262.0
711.0,7.8,1127.0
712.0,8.2,1571.0
713.0,8.6,1851.0
714.0,7.6,1097.0
715.0,9.1,3021.0
716.0,8.8,2171.0
717.0,8.7,1904.0
718.0,8.3,1644.0
719.0,9.5,4643.0
720.0,9.0,2728.0
721.0,9.1,2686.0
722.0,9.3,2918.0
723.0,9.5,5246.0
724.0,9.0,2686.0
725.0,9.3,4299.0
726.0,9.7,23249.0
727.0,8.9,2315.0
728.0,9.2,3257.0
729.0,8.7,2012.0
730.0,7.8,1142.0
731.0,7.7,985.0
732.0,8.1,1210.0
733.0,9.4,4127.0
734.0,7.7,1107.0
735.0,8.4,1661.0
736.0,9.1,2778.0
737.0,8.7,1918.0
738.0,9.1,2754.0
739.0,9.2,3110.0
740.0,7.8,1121.0
741.0,7.7,1078.0
742.0,7.8,1047.0
743.0,9.1,2714.0
744.0,9.2,2960.0
745.0,9.1,2843.0
746.0,8.8,1959.0
747.0,6.4,748.0
748.0,6.2,746.0
749.0,6.3,729.0
750.0,6.3,726.0
751.0,7.1,834.0
752.0,7.6,856.0
753.0,7.4,857.0
754.0,7.5,835.0
755.0,7.5,875.0
756.0,7.5,842.0
757.0,7.5,837.0
758.0,7.4,841.0
759.0,7.7,1003.0
760.0,7.7,999.0
761.0,7.6,896.0
762.0,7.9,1076.0
763.0,8.4,1608.0
764.0,8.6,1750.0
765.0,7.3,894.0
766.0,7.6,1024.0
767.0,9.2,2904.0
768.0,7.8,1093.0
769.0,8.7,1958.0
770.0,9.1,2709.0
771.0,8.2,1023.0
772.0,8.0,950.0
773.0,7.9,914.0
774.0,8.1,1030.0
775.0,7.2,835.0
776.0,7.5,839.0
777.0,7.0,917.0
778.0,7.1,884.0
779.0,7.7,858.0
780.0,6.8,748.0
781.0,6.7,754.0
782.0,7.0,746.0
783.0,7.6,1078.0
784.0,7.6,1077.0
785.0,8.4,1843.0
786.0,7.9,1152.0
787.0,7.7,1072.0
788.0,7.4,1026.0
789.0,7.8,1073.0
790.0,7.7,1065.0
791.0,7.2,918.0
792.0,7.3,904.0
793.0,8.2,1144.0
794.0,7.9,1120.0
795.0,7.5,1033.0
796.0,7.6,1023.0
797.0,7.7,1065.0
798.0,8.2,1539.0
799.0,8.5,1833.0
800.0,8.6,1808.0
801.0,8.3,1614.0
802.0,8.8,2396.0
803.0,9.2,2901.0
804.0,9.5,5068.0
805.0,8.9,2620.0
806.0,9.1,3035.0
807.0,8.3,2247.0
808.0,9.7,44939.0
809.0,9.0,2953.0
810.0,9.1,2771.0
811.0,8.9,2610.0
812.0,8.8,2495.0
813.0,8.5,1876.0
814.0,8.5,1861.0
815.0,8.9,2531.0
816.0,9.0,2708.0
817.0,9.6,6168.0
818.0,9.2,2899.0
819.0,9.2,2924.0
820.0,8.9,2670.0
821.0,8.5,1945.0
822.0,7.9,1351.0
823.0,8.3,1689.0
824.0,8.8,2059.0
825.0,9.5,4673.0
826.0,8.9,2517.0
827.0,7.9,1298.0
828.0,8.5,1786.0
829.0,7.9,1206.0
830.0,8.7,2030.0
831.0,7.9,1210.0
832.0,9.2,2902.0
833.0,9.5,4948.0
834.0,9.1,2686.0
835.0,9.1,2628.0
836.0,8.0,1278.0
837.0,8.8,2400.0
838.0,8.1,1241.0
839.0,8.4,1718.0
840.0,7.9,1163.0
841.0,8.6,1810.0
842.0,8.6,1811.0
843.0,7.8,1138.0
844.0,7.7,1093.0
845.0,7.8,1131.0
846.0,7.8,1124.0
847.0,7.8,1131.0
848.0,7.8,1162.0
849.0,9.4,3928.0
850.0,9.3,3744.0
851.0,8.9,2589.0
852.0,9.0,2731.0
853.0,8.5,1897.0
854.0,8.8,2450.0
855.0,8.6,1903.0
856.0,9.3,3530.0
857.0,9.0,2698.0
858.0,7.9,1299.0
859.0,7.5,979.0
860.0,7.9,1111.0
861.0,7.7,1003.0
862.0,9.1,2974.0
863.0,8.2,1214.0
864.0,9.0,2684.0
865.0,8.6,1848.0
866.0,8.1,1335.0
867.0,8.6,2016.0
868.0,9.5,5050.0
869.0,9.3,3579.0
870.0,9.7,21685.0
871.0,9.5,10068.0
872.0,8.9,2665.0
873.0,9.0,2843.0
874.0,8.6,1944.0
875.0,8.6,1967.0
876.0,8.9,2688.0
877.0,9.4,4736.0
878.0,8.7,2217.0
879.0,7.7,1013.0
880.0,7.7,1008.0
881.0,6.3,1148.0
882.0,6.5,1039.0
883.0,6.6,1021.0
884.0,6.7,1040.0
885.0,7.4,1175.0
886.0,7.3,1050.0
887.0,8.2,1740.0
888.0,7.7,1061.0
889.0,7.6,1087.0
890.0,7.3,1087.0
891.0,8.6,2248.0
892.0,9.3,4886.0
893.0,8.9,2992.0
894.0,9.1,3099.0
895.0,5.8,935.0
896.0,5.7,945.0
897.0,8.8,2673.0
898.0,8.6,2072.0
899.0,9.1,3268.0
900.0,8.6,2020.0
901.0,7.6,1234.0
902.0,7.5,1204.0
903.0,7.1,1164.0
904.0,7.0,1118.0
905.0,8.5,1958.0
906.0,8.6,1948.0
907.0,6.0,948.0
908.0,8.5,1995.0
909.0,9.0,2834.0
910.0,8.9,2733.0
911.0,8.2,1727.0
912.0,9.2,3789.0
913.0,9.3,3740.0
914.0,9.6,9942.0
915.0,9.6,8226.0
916.0,8.9,2905.0
917.0,9.0,3303.0
918.0,8.0,1665.0
919.0,8.2,1686.0
920.0,7.5,1347.0
921.0,6.9,1368.0
922.0,8.0,1813.0
923.0,8.1,1778.0
924.0,8.9,2953.0
925.0,9.0,3065.0
926.0,7.7,1316.0
927.0,7.5,1167.0
928.0,7.5,1155.0
929.0,7.4,1150.0
930.0,7.6,1223.0
931.0,7.5,1160.0
932.0,7.9,1356.0
933.0,8.9,3031.0
934.0,9.4,4703.0
935.0,8.1,1438.0
936.0,7.9,1353.0
937.0,7.7,1301.0
938.0,7.6,1172.0
939.0,8.8,2684.0
940.0,9.4,4669.0
941.0,9.2,3162.0
942.0,8.9,2830.0
943.0,8.6,2059.0
944.0,7.8,1382.0
945.0,8.6,2159.0
946.0,7.7,1344.0
947.0,7.6,1328.0
948.0,7.7,1361.0
949.0,9.1,3182.0
950.0,8.9,2980.0
951.0,8.2,1956.0
952.0,8.7,2267.0
953.0,8.6,2354.0
954.0,8.5,2237.0
955.0,8.2,2124.0
956.0,9.0,3478.0
957.0,9.6,13445.0
958.0,9.6,10343.0
959.0,9.0,5194.0
960.0,8.9,5472.0
961.0,8.9,5010.0
962.0,9.2,5557.0
963.0,9.4,6914.0
964.0,9.2,5322.0
965.0,9.6,14469.0
966.0,9.5,8250.0
967.0,9.5,7774.0
968.0,9.6,32147.0
969.0,9.4,6876.0
970.0,9.1,4831.0
971.0,9.2,4814.0
972.0,9.5,8609.0
973.0,9.4,5923.0
974.0,9.7,14853.0
975.0,9.4,5670.0
976.0,9.2,4851.0
977.0,9.5,7061.0
978.0,9.5,7473.0
979.0,9.0,4465.0
980.0,9.1,4253.0
981.0,9.1,4583.0
982.0,9.6,18671.0
983.0,8.4,3105.0
984.0,7.5,2549.0
985.0,7.8,2348.0
986.0,7.6,2215.0
987.0,8.0,2465.0
988.0,8.8,3480.0
989.0,8.2,2501.0
990.0,8.9,3557.0
991.0,7.9,2418.0
992.0,8.9,3624.0
993.0,7.8,2291.0
994.0,9.0,4144.0
995.0,9.6,8361.0
996.0,9.2,4164.0
997.0,8.9,3755.0
998.0,8.9,3735.0
999.0,8.2,2676.0
1000.0,9.5,8128.0
1001.0,8.9,4174.0
1002.0,7.7,2654.0
1003.0,8.3,3420.0
1004.0,8.8,4875.0
1005.0,6.7,6301.0
1006.0,6.8,5254.0
1007.0,6.6,4031.0
1008.0,7.3,3565.0
1009.0,7.1,3142.0
1010.0,8.1,2888.0
1011.0,7.7,2470.0
1012.0,7.6,2408.0
1013.0,8.9,3926.0
1014.0,8.4,3315.0
1015.0,9.7,88003.0
1016.0,9.3,6535.0
1017.0,9.6,22492.0
1018.0,9.0,4625.0
1019.0,7.7,2091.0
1020.0,7.6,2182.0
1021.0,7.7,2097.0
1022.0,7.8,1843.0
1023.0,7.5,1760.0
1024.0,7.7,1850.0
1025.0,9.0,3983.0
1026.0,9.5,6569.0
1027.0,9.6,7389.0
1028.0,9.7,11020.0
1029.0,7.0,1707.0
1030.0,7.5,1616.0
1031.0,7.8,1794.0
1032.0,7.6,1725.0
1033.0,9.6,8830.0
1034.0,7.7,1685.0
1035.0,7.7,1690.0
1036.0,9.0,3757.0
1037.0,7.3,1626.0
1038.0,8.3,2119.0
1039.0,7.7,1773.0
1040.0,8.4,2061.0
1041.0,7.2,1648.0
1042.0,7.1,1754.0
1043.0,8.1,1948.0
1044.0,9.4,5008.0
1045.0,9.1,3768.0
1046.0,9.4,8987.0
1047.0,7.8,3930.0
1048.0,9.1,6463.0
1049.0,9.4,8809.0
1050.0,8.2,3700.0
1051.0,9.2,6598.0
1052.0,8.1,3360.0
1053.0,8.0,3953.0
1054.0,8.9,3806.0
1055.0,7.4,3115.0
1056.0,8.8,3795.0
1057.0,8.6,3777.0
1058.0,7.6,3129.0
1059.0,8.3,3929.0
1060.0,9.2,7749.0
1061.0,9.6,32536.0
1062.0,9.7,102327.0
1063.0,8.2,5118.0
1064.0,8.8,5341.0
1065.0,8.4,4820.0
1066.0,9.6,17655.0
1067.0,9.3,11634.0
1068.0,8.9,9600.0
1069.0,9.3,13594.0
1070.0,9.3,24901.0
1071.0,9.2,75263.0
1072.0,9.4,33377.0
1073.0,7.9,13556.0
1074.0,9.5,58074.0
1075.0,9.0,18012.0
1076.0,9.5,24637.0
1077.0,8.6,6015.0
1078.0,8.7,4462.0
1079.0,8.4,3873.0
1080.0,8.9,5018.0
1081.0,9.0,6071.0
1082.0,8.4,5909.0
1083.0,8.0,3560.0
1084.0,7.9,3396.0
1085.0,8.5,3582.0
1086.0,9.1,4713.0
1087.0,9.3,5467.0
1088.0,9.2,6043.0
1089.0,9.6,35874.0
1090.0,8.4,5035.0
1091.0,8.2,4061.0
1092.0,8.4,3974.0
1093.0,9.6,18491.0
1094.0,8.0,3633.0
1095.0,8.0,3475.0
1096.0,8.9,4354.0
1097.0,8.7,3645.0
1098.0,8.4,3157.0
1099.0,8.5,3344.0
1100.0,9.7,34172.0
1101.0,9.6,18845.0
1102.0,8.1,2858.0
1103.0,8.5,3264.0
1104.0,8.8,3230.0
1105.0,8.3,2881.0
1106.0,7.8,3271.0
1107.0,7.4,3023.0
1108.0,7.6,3097.0
1109.0,9.2,7936.0
1110.0,8.1,3110.0
1111.0,8.4,2866.0
1112.0,9.7,33541.0
1113.0,8.3,3284.0
1114.0,9.7,22976.0
1115.0,9.7,17136.0
1116.0,8.3,2962.0
1117.0,8.1,2734.0
1118.0,9.0,4586.0
1119.0,9.5,8993.0
1120.0,8.7,3888.0
1121.0,9.5,15526.0
1122.0,9.7,17562.0
1123.0,9.0,6835.0
1124.0,8.6,6013.0
1125.0,9.5,8420.0
1126.0,9.0,6305.0
1127.0,9.6,10532.0
1128.0,9.7,12241.0
1129.0,9.6,9007.0
1130.0,9.6,9045.0
1131.0,9.1,5596.0
1132.0,9.4,5636.0
1133.0,9.2,5248.0
1134.0,9.2,5243.0
1135.0,9.3,6212.0
1136.0,9.8,45713.0
1137.0,9.7,17774.0
1138.0,8.0,6530.0
1139.0,8.3,5014.0
1140.0,8.9,6310.0
1141.0,8.6,4975.0
1142.0,9.0,4969.0
1143.0,8.9,4949.0
1144.0,9.7,19406.0
1145.0,8.8,4587.0
1146.0,8.7,3412.0
1147.0,8.0,3150.0
1148.0,8.6,3099.0
1149.0,9.3,3722.0
1150.0,8.6,3350.0
1151.0,9.6,7478.0
1152.0,9.7,6722.0
1153.0,9.8,9416.0
1154.0,9.0,2639.0
1155.0,9.4,3447.0
