episodio,puntuacion,votos
1,8.2,13967
2,8.4,4967
3,8.4,2740
4,8.4,1980
5,8.4,1723
6,8.4,1435
7,8.2,1330
8,8.4,1263
9,8.2,1266
10,8.2,4021
11,8.2,2656
12,8.2,977
13,8.2,810
14,8.2,798
15,8.2,786
16,8.4,684
17,8.6,874
18,8.0,749
19,8.8,781
20,8.4,821
21,8.4,593
22,8.4,623
23,8.4,595
24,9.2,728
25,8.4,643
26,9.0,632
27,8.6,496
28,8.6,511
29,8.6,547
30,8.8,925
31,8.4,592
32,8.6,500
33,8.4,485
34,8.6,496
35,8.8,533
36,9.0,511
37,9.4,667
38,8.6,487
39,8.6,421
40,8.6,613
41,8.6,471
42,8.8,447
43,9.0,591
44,9.0,637
45,8.8,612
46,7.8,551
47,7.8,514
48,8.8,503
49,8.8,423
50,8.4,606
51,8.2,488
52,8.6,536
53,8.8,593
54,8.2,385
55,8.0,409
56,8.2,391
57,8.0,374
58,8.2,344
59,8.2,343
60,8.0,510
61,8.6,587
62,8.4,554
63,8.6,511
64,8.6,464
65,8.8,475
66,8.4,439
67,8.8,482
68,8.0,427
69,8.4,440
70,8.4,538
71,8.4,439
72,8.4,452
73,8.4,408
74,8.4,411
75,8.2,453
76,8.4,408
77,8.6,464
78,8.2,419
79,8.6,389
80,8.4,499
81,8.6,412
82,8.6,380
83,8.8,412
84,9.2,405
85,9.0,407
86,9.4,589
87,8.8,380
88,8.8,403
89,8.8,439
90,9.0,703
91,8.8,566
92,8.6,456
93,8.6,412
94,9.0,456
95,9.0,515
96,8.4,393
97,8.4,382
98,8.2,403
99,8.2,401
100,8.0,1609
101,8.0,674
102,8.2,617
103,8.4,702
104,8.4,651
105,8.4,649
106,8.2,628
107,8.2,812
108,8.4,700
109,8.4,682
110,8.4,940
111,8.4,806
112,8.2,836
113,8.4,527
114,8.2,488
115,8.2,635
116,8.6,363
117,8.6,343
118,8.6,321
119,9.0,431
120,8.6,412
121,8.8,333
122,8.8,360
123,8.8,326
124,8.6,297
125,9.2,406
126,9.4,546
127,9.2,385
128,9.0,365
129,9.4,485
130,9.0,581
131,8.6,320
132,8.4,252
133,8.4,270
134,8.6,268
135,8.4,301
136,8.2,249
137,8.2,223
138,8.4,232
139,8.2,216
140,8.2,262
141,8.2,206
142,7.8,218
143,8.4,287
144,8.4,382
145,8.6,348
146,8.8,340
147,8.6,328
148,8.8,313
149,8.6,292
150,8.8,467
151,9.6,557
152,9.2,468
153,8.8,356
154,8.8,337
155,8.6,359
156,8.6,324
157,8.6,302
158,8.6,313
159,8.8,332
160,8.4,365
161,8.4,304
162,8.4,307
163,8.6,309
164,9.0,351
165,8.6,321
166,8.8,353
167,8.6,310
168,8.4,307
169,8.8,310
170,8.8,368
171,8.4,317
172,8.6,313
173,9.0,276
174,9.0,296
175,8.8,322
176,8.8,287
177,8.6,268
178,8.8,291
179,8.8,272
180,9.0,346
181,9.0,280
182,9.4,384
183,9.2,316
184,8.8,289
185,9.0,305
186,8.6,244
187,8.4,271
188,8.6,268
189,9.2,354
190,8.8,300
191,8.8,250
192,9.4,348
193,8.8,329
194,9.2,286
195,9.0,391
196,8.8,263
197,8.8,232
198,8.6,226
199,9.0,247
200,8.6,498
201,8.6,244
202,9.2,207
203,8.6,223
204,8.6,180
205,8.6,207
206,8.8,339
207,8.4,383
208,8.4,256
209,8.2,261
210,8.2,264
211,8.0,247
212,8.6,270
213,8.2,218
214,8.6,217
215,7.4,247
216,6.6,234
217,8.0,220
218,7.8,236
219,8.2,250
220,8.2,251
221,8.4,176
222,8.2,163
223,8.6,183
224,8.2,195
225,7.6,206
226,8.2,235
227,9.2,305
228,9.0,304
229,8.8,269
230,8.8,318
231,8.8,252
232,8.8,252
233,9.0,289
234,9.4,396
235,9.6,513
236,9.6,688
237,8.8,266
238,9.0,256
239,9.0,246
240,9.0,329
241,9.0,238
242,9.2,253
243,9.4,316
244,9.2,275
245,9.2,281
246,9.0,240
247,9.0,273
248,9.2,254
249,9.0,246
250,8.8,381
251,9.2,307
252,9.0,267
253,9.0,239
254,9.2,271
255,9.0,259
256,9.0,242
257,9.2,262
258,9.4,263
259,8.6,220
260,9.0,289
261,9.0,228
262,9.2,207
263,8.8,281
264,9.4,276
265,9.0,243
266,9.0,218
267,9.0,223
268,9.0,211
269,9.0,239
270,9.0,278
271,9.0,218
272,9.4,329
273,9.6,374
274,9.6,368
275,9.4,302
276,9.2,233
277,9.4,296
278,9.6,559
279,7.6,200
280,7.6,157
281,7.4,150
282,7.8,124
283,7.0,162
284,8.6,240
285,8.8,244
286,8.8,224
287,8.8,216
288,9.2,237
0,0,0
0,0,0
291,7.2,185
292,7.4,170
0,0,0
0,0,0
295,8.8,235
296,9.2,210
297,9.2,210
298,9.2,291
299,9.0,229
300,8.8,493
301,9.4,327
302,9.2,240
303,7.8,194
304,9.2,265
305,9.2,250
306,9.2,251
307,9.2,239
308,9.4,251
309,9.6,474
310,9.2,347
311,9.4,336
312,9.6,892
313,9.4,307
314,9.4,351
315,9.4,320
316,9.2,301
317,7.8,175
318,8.6,213
319,8.8,179
320,9.2,311
321,9.2,256
322,9.2,288
323,9.4,319
324,9.4,293
325,9.2,554
326,8.4,247
327,8.2,160
328,8.2,160
329,8.0,161
330,7.8,180
331,8.0,156
332,8.0,176
333,8.0,159
334,8.4,143
335,8.4,161
336,7.6,240
337,9.2,369
338,9.4,339
339,9.0,278
340,8.8,331
341,8.8,316
342,8.8,283
343,8.6,269
344,8.6,247
345,8.4,296
346,8.6,240
347,8.8,251
348,9.0,268
349,8.8,243
350,8.8,342
351,8.6,239
352,8.8,223
353,9.4,324
354,8.4,246
355,8.8,258
356,8.8,243
357,9.0,232
358,9.0,232
359,8.6,242
360,9.0,330
361,9.2,295
362,9.2,272
363,8.8,256
364,8.8,236
365,8.8,264
366,8.8,238
367,9.2,311
368,9.2,255
369,9.0,236
370,9.0,273
371,8.8,213
372,9.2,285
373,9.2,252
374,9.0,241
375,9.0,270
376,9.2,293
377,9.8,786
378,9.4,353
379,9.0,275
380,9.4,513
381,9.2,396
382,8.4,234
383,8.2,197
384,9.0,294
385,8.8,293
386,8.8,266
387,9.0,242
388,9.2,341
389,8.8,285
390,8.8,271
391,9.0,261
392,9.2,337
393,9.0,280
394,9.4,272
395,9.0,277
396,9.8,618
397,9.4,352
398,9.4,327
399,9.2,322
400,9.4,747
401,9.2,337
402,9.4,306
403,9.6,309
404,9.6,425
405,9.6,871
406,7.2,202
407,8.0,176
408,9.0,363
409,8.8,261
410,8.8,288
411,8.8,252
412,9.2,271
413,9.0,304
414,9.0,265
415,9.4,358
416,9.4,285
417,9.4,351
418,9.0,314
419,8.6,278
420,9.0,300
421,9.0,313
422,9.2,277
423,9.2,288
424,9.0,260
425,9.0,268
426,8.2,210
427,8.0,191
428,7.6,154
429,7.8,172
430,8.4,287
431,9.0,278
432,9.2,303
433,9.2,264
434,9.0,251
435,9.2,278
436,9.2,256
437,9.2,242
438,8.8,277
439,8.6,266
440,9.2,306
441,9.2,251
442,9.4,253
443,9.2,295
444,9.0,288
445,8.8,262
446,9.2,292
447,9.2,284
448,8.6,242
449,9.2,240
450,9.2,372
451,9.4,439
452,9.0,290
453,8.6,237
454,7.0,362
455,7.8,216
456,6.8,315
457,7.4,209
458,8.0,191
459,9.6,390
460,9.4,334
461,9.4,308
462,9.2,288
463,9.4,326
464,9.0,350
465,9.6,365
466,8.8,301
467,9.6,314
468,9.4,276
469,9.2,286
470,9.2,301
471,9.4,266
472,9.2,305
473,9.2,256
474,9.6,347
475,9.4,296
476,9.2,253
477,9.0,246
478,9.6,349
479,9.4,264
480,9.6,417
481,9.6,411
482,9.0,380
483,9.2,740
484,9.6,436
485,9.6,570
486,9.4,316
487,9.4,305
488,9.4,336
489,9.6,360
490,9.2,310
491,9.0,273
492,7.8,155
493,9.2,265
494,9.0,241
495,9.0,245
496,9.2,212
497,9.0,216
498,8.8,193
499,8.8,214
500,8.6,594
501,9.0,278
502,9.0,233
503,9.2,273
504,9.4,282
505,9.6,460
506,9.2,269
507,9.2,241
508,9.2,253
509,8.8,210
510,9.0,232
511,9.4,288
512,9.4,295
513,9.0,225
514,9.0,224
515,9.4,289
516,9.6,725
517,9.6,559
518,9.4,268
519,8.8,270
520,9.0,327
521,9.6,468
522,9.6,484
523,9.2,323
524,9.2,289
525,8.8,315
526,9.0,305
527,9.2,330
528,8.8,311
529,8.8,254
530,8.8,334
531,8.8,302
532,9.0,283
533,9.0,263
534,8.8,265
535,9.0,263
536,9.0,246
537,9.4,265
538,9.2,251
539,9.0,238
540,9.0,271
541,9.2,316
542,7.0,183
543,9.0,275
544,8.8,224
545,8.4,243
546,9.2,292
547,9.0,245
548,9.0,260
549,8.8,215
550,8.2,341
551,8.4,259
552,8.4,244
553,9.2,348
554,9.2,368
555,9.0,299
556,9.2,279
557,9.0,284
558,8.8,243
559,8.6,226
560,8.6,297
561,8.6,238
562,8.4,216
563,8.2,233
564,8.2,258
565,9.0,277
566,9.0,278
567,9.0,267
568,9.2,316
569,8.6,285
570,9.0,290
571,9.2,348
572,9.2,254
573,9.0,306
574,9.0,362
575,8.4,235
576,8.4,188
577,8.2,185
578,7.8,230
579,8.8,352
580,8.8,353
581,8.8,280
582,8.8,288
583,8.6,255
584,8.8,288
585,9.2,305
586,8.8,297
587,9.2,295
588,9.2,262
589,8.6,253
590,8.2,262
591,9.0,287
592,8.6,246
593,9.2,289
594,9.2,309
595,9.0,279
596,8.8,274
597,9.2,268
598,8.8,271
599,8.8,271
600,8.6,597
601,8.2,308
602,8.6,293
603,9.0,308
604,8.8,287
605,8.4,319
606,8.6,269
607,9.0,309
608,8.8,264
609,9.0,262
610,8.6,282
611,8.4,235
612,8.8,263
613,9.2,321
614,8.4,316
615,9.0,288
616,9.6,480
617,9.0,283
618,8.8,253
619,9.2,266
620,8.8,297
621,9.0,282
622,9.2,291
623,8.6,298
624,9.4,352
625,8.6,367
626,8.0,260
627,7.4,236
628,8.2,266
629,9.0,403
630,8.6,387
631,8.6,294
632,8.8,316
633,8.6,282
634,9.0,314
635,8.6,308
636,8.6,270
637,8.6,284
638,9.0,282
639,9.0,269
640,8.6,318
641,8.8,277
642,9.0,333
643,9.0,307
644,8.8,326
645,8.6,274
646,9.2,478
647,8.8,248
648,8.2,252
649,8.8,308
650,9.0,449
651,8.8,318
652,8.6,261
653,8.2,277
654,8.8,291
655,9.0,286
656,8.4,260
657,8.0,264
658,8.6,274
659,8.8,290
660,8.6,280
661,9.4,371
662,9.4,414
663,9.6,549
664,8.6,263
665,8.6,264
666,8.8,298
667,9.0,265
668,9.0,257
669,8.8,232
670,9.0,296
671,8.8,237
672,8.8,248
673,8.2,262
674,8.0,285
675,9.0,292
676,9.0,336
677,9.6,423
678,9.6,547
679,9.2,295
680,9.0,356
681,8.8,326
682,8.6,263
683,9.2,342
684,8.8,286
685,9.0,305
686,8.6,251
687,9.0,320
688,8.6,239
689,8.6,260
690,8.8,302
691,8.2,264
692,8.6,257
693,8.2,289
694,8.4,236
695,8.8,318
696,8.8,273
697,9.2,385
698,9.4,335
699,9.0,302
700,8.6,599
701,9.4,448
702,9.4,361
703,9.4,339
704,9.4,293
705,9.4,328
706,9.6,531
707,8.0,316
708,8.8,305
709,8.4,255
710,9.0,409
711,8.2,245
712,8.8,274
713,9.0,281
714,8.0,258
715,9.2,354
716,9.0,319
717,8.8,249
718,7.6,289
719,9.4,348
720,8.6,319
721,8.6,273
722,9.0,267
723,9.4,320
724,9.0,283
725,9.2,400
726,9.4,569
727,8.8,301
728,9.0,282
729,8.6,259
730,8.4,285
731,7.6,273
732,8.0,289
733,9.2,422
734,8.0,352
735,9.0,359
736,9.2,364
737,9.0,318
738,9.4,369
739,9.2,392
740,8.6,296
741,8.2,255
742,8.4,266
743,9.0,276
744,9.4,350
745,9.2,393
746,9.0,463
747,8.0,263
748,8.0,182
749,7.6,187
750,8.0,379
751,8.0,366
752,8.8,327
753,8.6,326
754,9.0,269
755,9.0,321
756,8.6,297
757,8.6,271
758,8.4,252
759,8.6,255
760,8.8,298
761,8.6,254
762,9.0,227
763,9.0,259
764,9.2,266
765,8.6,284
766,8.8,238
767,9.6,440
768,8.8,238
769,9.2,321
770,9.2,335
771,9.0,294
772,9.2,276
773,8.8,247
774,8.4,285
775,8.4,237
776,9.0,250
777,8.4,266
778,8.6,242
779,8.8,273
780,8.2,239
781,8.2,180
782,8.2,211
783,8.6,290
784,8.6,263
785,9.0,281
786,9.4,330
787,8.8,244
788,8.2,243
789,8.8,261
790,8.8,260
791,8.0,242
792,8.6,244
793,9.2,267
794,8.8,233
795,8.6,238
796,8.6,242
797,8.6,230
798,8.4,247
799,9.0,260
800,8.6,599
801,8.4,303
802,8.8,258
803,9.0,254
804,9.2,314
805,9.0,254
806,9.0,263
807,7.0,337
808,9.4,836
809,8.6,273
810,9.0,310
811,8.6,260
812,8.8,231
813,9.0,234
814,8.8,230
815,8.8,260
816,9.2,287
817,9.6,477
818,9.2,266
819,9.2,275
820,8.8,292
821,8.8,225
822,8.8,245
823,8.6,240
824,9.0,294
825,9.4,465
826,9.0,309
827,8.8,269
828,8.8,272
829,9.0,246
830,8.8,354
831,9.0,273
832,9.4,316
833,9.6,365
834,9.0,280
835,9.0,291
836,8.8,257
837,8.8,277
838,9.0,233
839,9.2,181
840,9.0,203
841,9.0,185
842,9.2,176
843,8.8,165
844,9.0,170
845,9.0,195
846,8.8,181
847,8.8,179
848,8.6,185
849,9.4,341
850,9.0,415
851,9.0,283
852,9.0,260
853,8.8,233
854,8.6,234
855,8.8,244
856,9.2,341
857,9.0,259
858,8.8,254
859,8.4,215
860,8.8,273
861,8.8,227
862,9.2,306
863,8.8,241
864,9.2,240
865,9.0,227
866,8.8,230
867,8.6,262
868,9.4,349
869,9.2,301
870,9.6,653
871,9.0,366
872,9.0,275
873,9.0,266
874,8.8,252
875,8.8,300
876,9.0,282
877,9.4,551
878,8.4,412
879,8.6,326
880,8.8,348
881,6.8,278
882,7.6,250
883,8.0,241
884,8.0,257
885,8.2,279
886,8.8,246
887,8.2,255
888,8.8,283
889,8.0,322
890,8.6,340
891,9.0,452
892,9.6,820
893,9.2,395
894,9.4,400
895,7.4,283
896,7.4,238
897,9.2,343
898,8.2,327
899,9.0,327
900,8.6,761
901,8.4,382
902,8.2,352
903,8.0,342
904,7.4,331
905,8.6,348
906,8.6,300
907,8.0,319
908,8.8,301
909,9.0,344
910,8.8,385
911,9.0,312
912,9.0,372
913,9.0,365
914,9.0,529
915,9.0,505
916,9.2,437
917,9.0,411
918,8.6,296
919,9.0,315
920,8.4,351
921,8.2,327
922,8.8,320
923,8.8,298
924,8.8,306
925,9.2,399
926,8.8,306
927,8.6,288
928,8.8,324
929,8.6,292
930,8.2,401
931,8.6,289
932,8.8,311
933,9.0,310
934,9.2,395
935,9.0,374
936,9.0,313
937,9.0,284
938,9.0,291
939,8.8,289
940,9.4,454
941,9.0,384
942,9.0,325
943,9.0,305
944,8.8,302
945,9.0,359
946,8.6,317
947,8.6,282
948,8.6,290
949,9.0,339
950,9.0,513
951,9.0,308
952,9.0,350
953,8.8,301
954,8.8,312
955,9.2,311
956,9.2,444
957,9.8,939
958,9.4,491
959,9.0,380
960,8.8,461
961,9.2,394
962,9.2,380
963,9.4,416
964,9.4,390
965,9.4,557
966,9.4,466
967,9.4,520
968,9.8,908
969,9.4,463
970,8.8,474
971,9.0,388
972,9.6,502
973,9.0,405
974,9.4,565
975,9.2,469
976,9.2,445
977,9.4,541
978,9.4,688
979,8.8,396
980,9.2,562
981,9.0,460
982,9.8,1203
983,8.8,453
984,8.4,493
985,8.4,422
986,7.8,472
987,8.6,377
988,9.0,415
989,8.8,395
990,8.8,537
991,8.4,402
992,9.2,487
993,8.6,378
994,9.0,493
995,9.6,788
996,9.0,468
997,8.6,418
998,9.0,447
999,8.6,571
1000,9.0,3514
1001,8.8,826
1002,8.4,560
1003,8.6,537
1004,9.2,756
1005,8.6,598
1006,8.4,574
1007,8.0,538
1008,8.6,566
1009,8.2,493
1010,8.8,695
1011,8.6,542
1012,8.4,543
1013,9.0,643
1014,8.8,696
1015,9.6,4482
1016,8.8,889
1017,9.6,1489
1018,8.4,845
1019,8.4,692
1020,8.6,873
1021,8.6,640
1022,8.6,653
1023,8.4,649
1024,8.6,735
1025,8.8,985
1026,9.4,986
1027,9.0,836
1028,9.4,1551
1029,7.8,1149
1030,8.4,1649
1031,8.6,1791
1032,8.6,1579
1033,9.4,2128
1034,8.6,1460
1035,8.4,1725
1036,8.8,1370
1037,8.4,1181
1038,8.8,1273
1039,8.6,1111
1040,9.0,1441
1041,8.4,1078
1042,8.0,1093
1043,8.6,1081
1044,9.2,1347
1045,8.8,1504
1046,9.2,1417
1047,8.6,1129
1048,9.0,1257
1049,9.4,1556
1050,8.6,1497
1051,9.2,1422
1052,8.6,1157
1053,8.8,1388
1054,8.8,1176
1055,8.4,1196
1056,8.8,1197
1057,9.0,1161
1058,8.4,1040
1059,8.6,1029
1060,9.2,1458
1061,9.4,2199
1062,9.4,3310
1063,8.6,1187
1064,8.8,1175
1065,8.8,1230
1066,9.4,1637
1067,9.2,1327
1068,9.0,1195
1069,9.2,1744
1070,9.4,2725
1071,9.0,6868
1072,9.0,2985
1073,7.8,1884
1074,9.0,2307
1075,8.2,1827
1076,9.0,2051
1077,9.0,1404
1078,9.2,1487
1079,9.0,1214
1080,9.2,1475
1081,9.2,1338
1082,9.0,1212
1083,8.8,1052
1084,8.8,1033
1085,8.8,1300
1086,9.2,1170
1087,9.0,1055
1088,9.0,1451
1089,9.4,1933
1090,9.0,1270
1091,9.0,1065
1092,9.0,1116
1093,9.4,1195
1094,8.8,920
1095,8.8,923
1096,9.2,1060
1097,9.0,903
1098,8.8,825
1099,9.0,949
1100,9.4,2633
1101,9.0,1227
1102,8.8,929
1103,8.8,928
1104,9.0,921
1105,9.0,864
1106,8.8,828
1107,8.4,807
1108,8.6,891
1109,9.0,898
1110,8.6,884
1111,8.8,946
1112,9.6,1523
1113,8.8,879
1114,9.4,1109
1115,9.4,1130
1116,8.8,947
1117,8.6,835
1118,9.0,842
1119,9.2,864
1120,9.0,1063
1121,9.0,1017
1122,9.4,2827
1123,9.0,1144
1124,9.0,1072
1125,9.4,1112
1126,9.0,920
1127,9.2,974
1128,9.4,1101
1129,9.2,750
1130,9.4,928
1131,9.0,768
1132,9.2,745
1133,9.2,809
1134,9.2,747
1135,9.2,766
1136,9.6,2094
1137,9.4,1212
1138,8.2,845
1139,8.8,736
1140,8.8,979
1141,8.8,819
1142,9.0,732
1143,8.8,777
1144,9.4,1155
1145,8.8,987
1146,9.0,677
1147,8.6,642
1148,9.0,645
1149,9.2,692
1150,9.0,779
1151,9.4,835
1152,9.4,824
1153,9.6,940
1154,9.2,747
1155,9.4,2394
